{
    "parameters": {
        "EnvAttack_0": 0.009999999776482582,
        "EnvDecay_0": 0.0,
        "EnvRelease_0": 0.10000000149011612,
        "EnvSustain_0": 1.0,
        "FilterCutoff_0": 0.30000001192092896,
        "FilterDrive_0": 1.0,
        "FilterKind_0": 2.0,
        "FilterResonance_0": 0.0,
        "FilterTrack_0": 0.0,
        "LfoAmplitude_0": 0.0,
        "LfoAmplitude_1": 0.0,
        "LfoAmplitude_2": 0.0,
        "LfoFrequency_0": 0.0,
        "LfoFrequency_1": 0.0,
        "LfoFrequency_2": 0.0,
        "LfoKind_0": 0.0,
        "LfoKind_1": 0.0,
        "LfoKind_2": 0.0,
        "LfoPitch_0": 0.0,
        "LfoPitch_1": 0.0,
        "LfoPitch_2": 0.0,
        "Mono": 0.0,
        "OscDetune_0": 0.0,
        "OscDetune_1": 0.25,
        "OscDetune_2": 0.5,
        "OscKind_0": 1.0,
        "OscKind_1": 1.0,
        "OscKind_2": 1.0,
        "OscVolume_0": 0.800000011920929,
        "OscVolume_1": 0.5,
        "OscVolume_2": 0.5,
        "Portamento": 0.0,
        "Volume": 0.800000011920929
    },
    "version": 2
}