{
    "parameters": {
        "EnvAttack_0": 0.0,
        "EnvDecay_0": 0.0,
        "EnvRelease_0": 0.0,
        "EnvSustain_0": 1.0,
        "FilterCutoff_0": 0.6060000061988831,
        "FilterDrive0": 0.07500000298023224,
        "FilterKind_0": 1.0,
        "FilterResonance_0": 0.9805000424385071,
        "LfoAmplitude_0": 0.0,
        "LfoAmplitude_1": 0.0,
        "LfoAmplitude_2": 0.0,
        "LfoFrequency_0": 0.0,
        "LfoFrequency_1": 0.0,
        "LfoFrequency_2": 0.0,
        "LfoKind_0": 0.0,
        "LfoKind_1": 0.0,
        "LfoKind_2": 0.0,
        "LfoPitch_0": 0.0,
        "LfoPitch_1": 0.0,
        "LfoPitch_2": 0.0,
        "Mono": 0.0,
        "OscDetune_0": 0.0,
        "OscDetune_1": 0.0,
        "OscDetune_2": 0.0,
        "OscKind_0": 8.0,
        "OscKind_1": 0.0,
        "OscKind_2": 0.0,
        "OscVolume_0": 1.0,
        "OscVolume_1": 1.0,
        "OscVolume_2": 1.0,
        "Portamento": 0.0,
        "Volume": 0.8669999837875366
    },
    "version": 2
}