{
    "DrumMachine": {
        "first_col": 0,
        "first_row": 0,
        "muted": false,
        "steps": []
    },
    "Dx7": {
        "first_col": 15,
        "first_row": 51,
        "muted": false,
        "steps": [
            {
                "note": 67,
                "step": 0,
                "value": 1
            },
            {
                "note": 65,
                "step": 1,
                "value": 1
            },
            {
                "note": 64,
                "step": 2,
                "value": 1
            },
            {
                "note": 62,
                "step": 3,
                "value": 1
            },
            {
                "note": 64,
                "step": 4,
                "value": 1
            },
            {
                "note": 65,
                "step": 5,
                "value": 1
            },
            {
                "note": 67,
                "step": 6,
                "value": 3
            },
            {
                "note": 67,
                "step": 7,
                "value": 1
            },
            {
                "note": 77,
                "step": 8,
                "value": 1
            },
            {
                "note": 76,
                "step": 9,
                "value": 1
            },
            {
                "note": 74,
                "step": 10,
                "value": 1
            },
            {
                "note": 76,
                "step": 11,
                "value": 1
            },
            {
                "note": 77,
                "step": 12,
                "value": 3
            },
            {
                "note": 77,
                "step": 13,
                "value": 3
            },
            {
                "note": 77,
                "step": 14,
                "value": 3
            },
            {
                "note": 77,
                "step": 15,
                "value": 1
            },
            {
                "note": 67,
                "step": 16,
                "value": 1
            },
            {
                "note": 65,
                "step": 17,
                "value": 1
            },
            {
                "note": 64,
                "step": 18,
                "value": 1
            },
            {
                "note": 62,
                "step": 19,
                "value": 1
            },
            {
                "note": 76,
                "step": 20,
                "value": 1
            },
            {
                "note": 74,
                "step": 21,
                "value": 1
            },
            {
                "note": 76,
                "step": 22,
                "value": 1
            },
            {
                "note": 77,
                "step": 23,
                "value": 1
            },
            {
                "note": 67,
                "step": 24,
                "value": 1
            },
            {
                "note": 65,
                "step": 25,
                "value": 1
            },
            {
                "note": 64,
                "step": 26,
                "value": 1
            },
            {
                "note": 62,
                "step": 27,
                "value": 1
            },
            {
                "note": 60,
                "step": 28,
                "value": 3
            },
            {
                "note": 60,
                "step": 29,
                "value": 3
            },
            {
                "note": 60,
                "step": 30,
                "value": 3
            },
            {
                "note": 60,
                "step": 31,
                "value": 1
            }
        ]
    },
    "SynthMachine": {
        "first_col": 0,
        "first_row": 0,
        "muted": false,
        "steps": []
    },
    "TB-303": {
        "first_col": 0,
        "first_row": 0,
        "muted": false,
        "steps": []
    },
    "duty": 1.0,
    "selected_instrument": 3,
    "step_count": 32,
    "tempo": 175,
    "version": 2
}