{
    "DrumMachine": {
        "first_col": 0,
        "first_row": 0,
        "muted": false,
        "steps": []
    },
    "Dx7": {
        "first_col": 0,
        "first_row": 52,
        "muted": false,
        "steps": [
            {
                "note": 72,
                "step": 0,
                "value": 1
            },
            {
                "note": 74,
                "step": 1,
                "value": 1
            },
            {
                "note": 76,
                "step": 2,
                "value": 3
            },
            {
                "note": 76,
                "step": 3,
                "value": 1
            },
            {
                "note": 74,
                "step": 4,
                "value": 1
            },
            {
                "note": 76,
                "step": 5,
                "value": 1
            },
            {
                "note": 77,
                "step": 6,
                "value": 3
            },
            {
                "note": 77,
                "step": 7,
                "value": 1
            },
            {
                "note": 72,
                "step": 8,
                "value": 1
            },
            {
                "note": 71,
                "step": 9,
                "value": 1
            },
            {
                "note": 69,
                "step": 10,
                "value": 1
            },
            {
                "note": 67,
                "step": 11,
                "value": 1
            },
            {
                "note": 69,
                "step": 12,
                "value": 1
            },
            {
                "note": 71,
                "step": 13,
                "value": 1
            },
            {
                "note": 72,
                "step": 14,
                "value": 3
            },
            {
                "note": 72,
                "step": 15,
                "value": 1
            }
        ]
    },
    "SynthMachine": {
        "first_col": 0,
        "first_row": 0,
        "muted": false,
        "steps": []
    },
    "TB-303": {
        "first_col": 0,
        "first_row": 0,
        "muted": false,
        "steps": []
    },
    "duty": 1.0,
    "selected_instrument": 3,
    "step_count": 16,
    "tempo": 200,
    "version": 2
}