{
    "DrumMachine": {
        "first_col": 0,
        "first_row": 0,
        "muted": false,
        "steps": []
    },
    "Dx7": {
        "first_col": 0,
        "first_row": 0,
        "muted": false,
        "steps": []
    },
    "SynthMachine": {
        "first_col": 0,
        "first_row": 56,
        "muted": false,
        "steps": [
            {
                "note": 60,
                "step": 0,
                "value": 1
            },
            {
                "note": 60,
                "step": 1,
                "value": 1
            },
            {
                "note": 67,
                "step": 2,
                "value": 1
            },
            {
                "note": 67,
                "step": 3,
                "value": 1
            },
            {
                "note": 69,
                "step": 4,
                "value": 1
            },
            {
                "note": 69,
                "step": 5,
                "value": 1
            },
            {
                "note": 67,
                "step": 6,
                "value": 3
            },
            {
                "note": 67,
                "step": 7,
                "value": 1
            },
            {
                "note": 65,
                "step": 8,
                "value": 1
            },
            {
                "note": 65,
                "step": 9,
                "value": 1
            },
            {
                "note": 64,
                "step": 10,
                "value": 1
            },
            {
                "note": 64,
                "step": 11,
                "value": 1
            },
            {
                "note": 62,
                "step": 12,
                "value": 1
            },
            {
                "note": 62,
                "step": 13,
                "value": 1
            },
            {
                "note": 60,
                "step": 14,
                "value": 3
            },
            {
                "note": 60,
                "step": 15,
                "value": 1
            },
            {
                "note": 67,
                "step": 16,
                "value": 1
            },
            {
                "note": 67,
                "step": 17,
                "value": 1
            },
            {
                "note": 65,
                "step": 18,
                "value": 1
            },
            {
                "note": 65,
                "step": 19,
                "value": 1
            },
            {
                "note": 64,
                "step": 20,
                "value": 1
            },
            {
                "note": 64,
                "step": 21,
                "value": 1
            },
            {
                "note": 62,
                "step": 22,
                "value": 3
            },
            {
                "note": 62,
                "step": 23,
                "value": 1
            },
            {
                "note": 67,
                "step": 24,
                "value": 1
            },
            {
                "note": 67,
                "step": 25,
                "value": 1
            },
            {
                "note": 65,
                "step": 26,
                "value": 1
            },
            {
                "note": 65,
                "step": 27,
                "value": 1
            },
            {
                "note": 64,
                "step": 28,
                "value": 1
            },
            {
                "note": 64,
                "step": 29,
                "value": 1
            },
            {
                "note": 62,
                "step": 30,
                "value": 3
            },
            {
                "note": 62,
                "step": 31,
                "value": 1
            },
            {
                "note": 60,
                "step": 32,
                "value": 1
            },
            {
                "note": 60,
                "step": 33,
                "value": 1
            },
            {
                "note": 67,
                "step": 34,
                "value": 1
            },
            {
                "note": 67,
                "step": 35,
                "value": 1
            },
            {
                "note": 69,
                "step": 36,
                "value": 1
            },
            {
                "note": 69,
                "step": 37,
                "value": 1
            },
            {
                "note": 67,
                "step": 38,
                "value": 3
            },
            {
                "note": 67,
                "step": 39,
                "value": 1
            },
            {
                "note": 65,
                "step": 40,
                "value": 1
            },
            {
                "note": 65,
                "step": 41,
                "value": 1
            },
            {
                "note": 64,
                "step": 42,
                "value": 1
            },
            {
                "note": 64,
                "step": 43,
                "value": 1
            },
            {
                "note": 62,
                "step": 44,
                "value": 1
            },
            {
                "note": 62,
                "step": 45,
                "value": 1
            },
            {
                "note": 60,
                "step": 46,
                "value": 3
            },
            {
                "note": 60,
                "step": 47,
                "value": 1
            }
        ]
    },
    "TB-303": {
        "first_col": 0,
        "first_row": 0,
        "muted": false,
        "steps": []
    },
    "duty": 1.0,
    "selected_instrument": 1,
    "step_count": 48,
    "tempo": 100,
    "version": 2
}