{
    "parameters": {
        "EnvAttack_0": 0.009999999776482582,
        "EnvDecay_0": 0.0,
        "EnvRelease_0": 0.009999999776482582,
        "EnvSustain_0": 1.0,
        "FilterCutoff_0": 1.0,
        "FilterDrive_0": 1.0,
        "FilterKind_0": 0.0,
        "FilterResonance_0": 0.0,
        "FilterTrack_0": 0.0,
        "LfoAmplitude_0": 0.0,
        "LfoAmplitude_1": 0.0,
        "LfoAmplitude_2": 0.0,
        "LfoFrequency_0": 0.0,
        "LfoFrequency_1": 0.0,
        "LfoFrequency_2": 0.0,
        "LfoKind_0": 0.0,
        "LfoKind_1": 0.0,
        "LfoKind_2": 0.0,
        "LfoPitch_0": 0.0,
        "LfoPitch_1": 0.0,
        "LfoPitch_2": 0.0,
        "Mono": 0.0,
        "OscDetune_0": -0.5,
        "OscDetune_1": -0.25200000405311584,
        "OscDetune_2": -0.0005000000237487257,
        "OscKind_0": 4.0,
        "OscKind_1": 4.0,
        "OscKind_2": 4.0,
        "OscVolume_0": 1.0,
        "OscVolume_1": 1.0,
        "OscVolume_2": 1.0,
        "Portamento": 0.0,
        "Volume": 0.512499988079071
    },
    "version": 2
}