{
    "DrumMachine": {
        "first_col": 0,
        "first_row": 0,
        "muted": false,
        "steps": []
    },
    "Dx7": {
        "first_col": 0,
        "first_row": 51,
        "muted": false,
        "steps": [
            {
                "note": 57,
                "step": 0,
                "value": 3
            },
            {
                "note": 61,
                "step": 0,
                "value": 3
            },
            {
                "note": 64,
                "step": 0,
                "value": 3
            },
            {
                "note": 81,
                "step": 0,
                "value": 1
            },
            {
                "note": 57,
                "step": 1,
                "value": 3
            },
            {
                "note": 61,
                "step": 1,
                "value": 3
            },
            {
                "note": 64,
                "step": 1,
                "value": 3
            },
            {
                "note": 81,
                "step": 1,
                "value": 1
            },
            {
                "note": 57,
                "step": 2,
                "value": 3
            },
            {
                "note": 61,
                "step": 2,
                "value": 3
            },
            {
                "note": 64,
                "step": 2,
                "value": 3
            },
            {
                "note": 81,
                "step": 2,
                "value": 3
            },
            {
                "note": 57,
                "step": 3,
                "value": 3
            },
            {
                "note": 61,
                "step": 3,
                "value": 3
            },
            {
                "note": 64,
                "step": 3,
                "value": 3
            },
            {
                "note": 76,
                "step": 3,
                "value": 3
            },
            {
                "note": 74,
                "step": 5,
                "value": 3
            },
            {
                "note": 78,
                "step": 7,
                "value": 3
            },
            {
                "note": 62,
                "step": 8,
                "value": 3
            },
            {
                "note": 66,
                "step": 8,
                "value": 3
            },
            {
                "note": 69,
                "step": 8,
                "value": 3
            },
            {
                "note": 62,
                "step": 9,
                "value": 3
            },
            {
                "note": 66,
                "step": 9,
                "value": 3
            },
            {
                "note": 69,
                "step": 9,
                "value": 3
            },
            {
                "note": 78,
                "step": 9,
                "value": 3
            },
            {
                "note": 78,
                "step": 11,
                "value": 3
            },
            {
                "note": 61,
                "step": 12,
                "value": 3
            },
            {
                "note": 64,
                "step": 12,
                "value": 3
            },
            {
                "note": 68,
                "step": 12,
                "value": 3
            },
            {
                "note": 76,
                "step": 12,
                "value": 1
            },
            {
                "note": 61,
                "step": 13,
                "value": 3
            },
            {
                "note": 64,
                "step": 13,
                "value": 3
            },
            {
                "note": 68,
                "step": 13,
                "value": 3
            },
            {
                "note": 76,
                "step": 13,
                "value": 3
            },
            {
                "note": 78,
                "step": 14,
                "value": 1
            },
            {
                "note": 76,
                "step": 15,
                "value": 3
            }
        ]
    },
    "SynthMachine": {
        "first_col": 0,
        "first_row": 39,
        "muted": false,
        "steps": []
    },
    "TB-303": {
        "first_col": 0,
        "first_row": 0,
        "muted": false,
        "steps": []
    },
    "duty": 1.0,
    "selected_instrument": 3,
    "step_count": 16,
    "tempo": 280,
    "version": 2
}