{
    "DrumMachine": {
        "first_col": 0,
        "first_row": 0,
        "muted": false,
        "steps": []
    },
    "Dx7": {
        "first_col": 0,
        "first_row": 63,
        "muted": false,
        "steps": [
            {
                "note": 47,
                "step": 0,
                "value": 3
            },
            {
                "note": 47,
                "step": 1,
                "value": 3
            },
            {
                "note": 47,
                "step": 2,
                "value": 3
            },
            {
                "note": 47,
                "step": 6,
                "value": 3
            },
            {
                "note": 47,
                "step": 7,
                "value": 3
            },
            {
                "note": 47,
                "step": 8,
                "value": 3
            },
            {
                "note": 47,
                "step": 12,
                "value": 3
            },
            {
                "note": 47,
                "step": 13,
                "value": 3
            },
            {
                "note": 47,
                "step": 14,
                "value": 3
            },
            {
                "note": 47,
                "step": 18,
                "value": 3
            },
            {
                "note": 47,
                "step": 19,
                "value": 3
            },
            {
                "note": 47,
                "step": 20,
                "value": 3
            },
            {
                "note": 47,
                "step": 24,
                "value": 3
            },
            {
                "note": 47,
                "step": 25,
                "value": 3
            },
            {
                "note": 47,
                "step": 26,
                "value": 3
            }
        ]
    },
    "SynthMachine": {
        "first_col": 14,
        "first_row": 65,
        "muted": false,
        "steps": [
            {
                "note": 59,
                "step": 0,
                "value": 3
            },
            {
                "note": 59,
                "step": 1,
                "value": 3
            },
            {
                "note": 59,
                "step": 2,
                "value": 3
            },
            {
                "note": 54,
                "step": 3,
                "value": 3
            },
            {
                "note": 54,
                "step": 4,
                "value": 3
            },
            {
                "note": 54,
                "step": 5,
                "value": 3
            },
            {
                "note": 47,
                "step": 6,
                "value": 3
            },
            {
                "note": 47,
                "step": 7,
                "value": 3
            },
            {
                "note": 47,
                "step": 8,
                "value": 3
            },
            {
                "note": 60,
                "step": 11,
                "value": 1
            },
            {
                "note": 60,
                "step": 12,
                "value": 1
            },
            {
                "note": 60,
                "step": 13,
                "value": 3
            },
            {
                "note": 60,
                "step": 14,
                "value": 3
            },
            {
                "note": 59,
                "step": 15,
                "value": 3
            },
            {
                "note": 59,
                "step": 16,
                "value": 3
            },
            {
                "note": 59,
                "step": 17,
                "value": 3
            },
            {
                "note": 54,
                "step": 18,
                "value": 3
            },
            {
                "note": 54,
                "step": 19,
                "value": 3
            },
            {
                "note": 54,
                "step": 20,
                "value": 3
            },
            {
                "note": 59,
                "step": 21,
                "value": 3
            },
            {
                "note": 59,
                "step": 22,
                "value": 3
            },
            {
                "note": 60,
                "step": 23,
                "value": 1
            },
            {
                "note": 60,
                "step": 24,
                "value": 1
            },
            {
                "note": 60,
                "step": 25,
                "value": 1
            },
            {
                "note": 60,
                "step": 27,
                "value": 1
            },
            {
                "note": 60,
                "step": 28,
                "value": 1
            },
            {
                "note": 60,
                "step": 29,
                "value": 3
            },
            {
                "note": 60,
                "step": 30,
                "value": 3
            }
        ]
    },
    "TB-303": {
        "first_col": 0,
        "first_row": 0,
        "muted": false,
        "steps": []
    },
    "duty": 0.6000000238418579,
    "selected_instrument": 3,
    "step_count": 31,
    "tempo": 450,
    "version": 2
}