{
    "DrumMachine": {
        "first_col": 0,
        "first_row": 0,
        "muted": false,
        "steps": []
    },
    "Dx7": {
        "first_col": 0,
        "first_row": 0,
        "muted": false,
        "steps": []
    },
    "SynthMachine": {
        "first_col": 0,
        "first_row": 64,
        "muted": false,
        "steps": [
            {
                "note": 47,
                "step": 0,
                "value": 3
            },
            {
                "note": 47,
                "step": 1,
                "value": 3
            },
            {
                "note": 47,
                "step": 2,
                "value": 3
            },
            {
                "note": 47,
                "step": 6,
                "value": 3
            },
            {
                "note": 47,
                "step": 7,
                "value": 3
            },
            {
                "note": 47,
                "step": 8,
                "value": 3
            }
        ]
    },
    "TB-303": {
        "first_col": 0,
        "first_row": 0,
        "muted": false,
        "steps": []
    },
    "duty": 0.6000000238418579,
    "selected_instrument": 1,
    "step_count": 12,
    "tempo": 450,
    "version": 2
}