{
    "DrumMachine": {
        "first_col": 0,
        "first_row": 0,
        "muted": false,
        "steps": []
    },
    "Dx7": {
        "first_col": 0,
        "first_row": 0,
        "muted": false,
        "steps": []
    },
    "SynthMachine": {
        "first_col": 0,
        "first_row": 97,
        "muted": false,
        "steps": []
    },
    "TB-303": {
        "first_col": 0,
        "first_row": 0,
        "muted": false,
        "steps": []
    },
    "duty": 1.0,
    "selected_instrument": 1,
    "step_count": 2,
    "tempo": 450,
    "version": 2
}