{
    "DrumMachine": {
        "first_col": 0,
        "first_row": 0,
        "muted": false,
        "steps": []
    },
    "Dx7": {
        "first_col": 0,
        "first_row": 52,
        "muted": false,
        "steps": [
            {
                "note": 67,
                "step": 0,
                "value": 1
            },
            {
                "note": 67,
                "step": 1,
                "value": 1
            },
            {
                "note": 69,
                "step": 2,
                "value": 3
            },
            {
                "note": 69,
                "step": 3,
                "value": 1
            },
            {
                "note": 67,
                "step": 4,
                "value": 3
            },
            {
                "note": 67,
                "step": 5,
                "value": 1
            },
            {
                "note": 75,
                "step": 6,
                "value": 1
            },
            {
                "note": 75,
                "step": 7,
                "value": 1
            },
            {
                "note": 77,
                "step": 7,
                "value": 1
            },
            {
                "note": 75,
                "step": 8,
                "value": 1
            },
            {
                "note": 77,
                "step": 8,
                "value": 1
            }
        ]
    },
    "SynthMachine": {
        "first_col": 0,
        "first_row": 0,
        "muted": false,
        "steps": []
    },
    "TB-303": {
        "first_col": 0,
        "first_row": 0,
        "muted": false,
        "steps": []
    },
    "duty": 0.30000001192092896,
    "selected_instrument": 3,
    "step_count": 12,
    "tempo": 200,
    "version": 2
}