{
    "chain": [
        {
            "name": "intro 00",
            "runs": 4
        },
        {
            "name": "space",
            "runs": 1
        },
        {
            "name": "base 00",
            "runs": 1
        },
        {
            "name": "base 01",
            "runs": 1
        },
        {
            "name": "base 02",
            "runs": 1
        },
        {
            "name": "base 03",
            "runs": 1
        },
        {
            "name": "hard 00",
            "runs": 1
        },
        {
            "name": "hard 01",
            "runs": 1
        },
        {
            "name": "hard 02",
            "runs": 1
        },
        {
            "name": "hard 03",
            "runs": 1
        },
        {
            "name": "intro 00",
            "runs": 4
        },
        {
            "name": "space",
            "runs": 3
        }
    ],
    "version": 2
}