{
    "parameters": {
        "AftertouchAmp": 0.0,
        "AftertouchEnv": 0.0,
        "AftertouchPitch": 0.0,
        "AftertouchRange": 0.0,
        "Bank": 0.0,
        "Group": 0.0,
        "ModulationWheelAmp": 0.0,
        "ModulationWheelEnv": 0.0,
        "ModulationWheelPitch": 0.0,
        "ModulationWheelRange": 0.0,
        "Mono": 0.0,
        "Patch": 0.0,
        "PitchBendDown": 3.0,
        "PitchBendStep": 0.0,
        "PitchBendUp": 3.0,
        "Volume": 0.0625
    },
    "version": 2
}