{
    "chain": [
        {
            "name": "phrase 1 bh",
            "runs": 1
        },
        {
            "name": "phrase 2 bh",
            "runs": 1
        },
        {
            "name": "phrase 1 bh",
            "runs": 1
        },
        {
            "name": "phrase 2 bh",
            "runs": 1
        },
        {
            "name": "phrase 1 bh",
            "runs": 1
        },
        {
            "name": "phrase 3 bh",
            "runs": 1
        }
    ],
    "version": 2
}