{
    "DrumMachine": {
        "first_col": 0,
        "first_row": 0,
        "muted": false,
        "steps": []
    },
    "Dx7": {
        "first_col": 0,
        "first_row": 0,
        "muted": false,
        "steps": []
    },
    "SynthMachine": {
        "first_col": 0,
        "first_row": 0,
        "muted": false,
        "steps": [
            {
                "note": 119,
                "step": 0,
                "value": 1
            },
            {
                "note": 119,
                "step": 1,
                "value": 1
            },
            {
                "note": 120,
                "step": 2,
                "value": 1
            }
        ]
    },
    "TB-303": {
        "first_col": 0,
        "first_row": 0,
        "muted": false,
        "steps": []
    },
    "duty": 0.30000001192092896,
    "selected_instrument": 1,
    "step_count": 16,
    "tempo": 90,
    "version": 2
}