{
    "DrumMachine": {
        "first_col": 0,
        "first_row": 0,
        "muted": false,
        "steps": []
    },
    "Dx7": {
        "first_col": 0,
        "first_row": 40,
        "muted": false,
        "steps": []
    },
    "SynthMachine": {
        "first_col": 0,
        "first_row": 56,
        "muted": false,
        "steps": [
            {
                "note": 70,
                "step": 0,
                "value": 1
            },
            {
                "note": 68,
                "step": 1,
                "value": 1
            },
            {
                "note": 66,
                "step": 2,
                "value": 1
            },
            {
                "note": 68,
                "step": 3,
                "value": 1
            },
            {
                "note": 70,
                "step": 4,
                "value": 1
            },
            {
                "note": 68,
                "step": 5,
                "value": 1
            },
            {
                "note": 66,
                "step": 6,
                "value": 3
            },
            {
                "note": 70,
                "step": 8,
                "value": 3
            },
            {
                "note": 66,
                "step": 10,
                "value": 3
            },
            {
                "note": 70,
                "step": 12,
                "value": 3
            },
            {
                "note": 66,
                "step": 14,
                "value": 3
            }
        ]
    },
    "TB-303": {
        "first_col": 0,
        "first_row": 0,
        "muted": false,
        "steps": []
    },
    "duty": 1.0,
    "selected_instrument": 1,
    "step_count": 16,
    "tempo": 200,
    "version": 2
}